{"0":{"Round":0,"Orders":[0,1,0],"Time":19299.087667018175,"totalGas":1135083},"1":{"Round":1,"Orders":[1,1,0],"Time":19987.15125000477,"totalGas":1120119},"2":{"Round":2,"Orders":[1,1,1],"Time":19965.59770798683,"totalGas":1110169},"3":{"Round":3,"Orders":[1,2,1],"Time":19983.77775001526,"totalGas":1105233},"4":{"Round":4,"Orders":[1,2,2],"Time":19988.445249974728,"totalGas":1105233},"5":{"Round":5,"Orders":[2,2,2],"Time":19972.640750020742,"totalGas":1100219},"6":{"Round":6,"Orders":[2,3,2],"Time":19985.933375000954,"totalGas":1105233},"7":{"Round":7,"Orders":[3,3,2],"Time":19990.9558750093,"totalGas":1103251},"8":{"Round":8,"Orders":[3,3,3],"Time":19973.13991600275,"totalGas":1103251},"9":{"Round":9,"Orders":[3,4,3],"Time":19985.27974998951,"totalGas":1105233},"10":{"Round":10,"Orders":[4,4,3],"Time":19978.01295799017,"totalGas":1103251},"11":{"Round":11,"Orders":[4,4,4],"Time":19977.577374994755,"totalGas":1105233},"12":{"Round":12,"Orders":[4,4,5],"Time":19983.087458997965,"totalGas":1105233},"13":{"Round":13,"Orders":[5,4,5],"Time":19971.48916697502,"totalGas":1100219},"14":{"Round":14,"Orders":[5,5,5],"Time":19981.767791986465,"totalGas":1100219},"15":{"Round":15,"Orders":[5,5,6],"Time":19985.51504200697,"totalGas":1105233},"16":{"Round":16,"Orders":[5,6,6],"Time":19976.10750001669,"totalGas":1103251},"17":{"Round":17,"Orders":[6,6,6],"Time":19986.335500001907,"totalGas":1103251},"18":{"Round":18,"Orders":[6,7,6],"Time":19977.89383301139,"totalGas":1105233},"19":{"Round":19,"Orders":[7,7,6],"Time":19980.14574998617,"totalGas":1103251},"20":{"Round":20,"Orders":[7,7,7],"Time":19974.32566702366,"totalGas":1100219},"21":{"Round":21,"Orders":[7,7,8],"Time":19974.051374971867,"totalGas":1105233},"22":{"Round":22,"Orders":[8,7,8],"Time":19985.300208985806,"totalGas":1105233},"23":{"Round":23,"Orders":[8,8,8],"Time":19991.194999992847,"totalGas":1105233},"24":{"Round":24,"Orders":[8,8,9],"Time":19992.49295797944,"totalGas":1105233},"25":{"Round":25,"Orders":[9,8,9],"Time":19988.065667003393,"totalGas":1100219},"26":{"Round":26,"Orders":[9,9,9],"Time":19989.877916008234,"totalGas":1105233},"27":{"Round":27,"Orders":[9,9,10],"Time":20965.583166003227,"totalGas":1105233},"28":{"Round":28,"Orders":[9,10,10],"Time":19964.220415979624,"totalGas":1105233},"29":{"Round":29,"Orders":[10,10,10],"Time":19988.765125006437,"totalGas":1100219},"30":{"Round":30,"Orders":[10,10,11],"Time":19966.198332995176,"totalGas":1105233},"31":{"Round":31,"Orders":[11,10,11],"Time":20006.94945898652,"totalGas":1105233},"32":{"Round":32,"Orders":[11,11,11],"Time":19977.44387498498,"totalGas":1100219},"33":{"Round":33,"Orders":[12,11,11],"Time":19964.461125016212,"totalGas":1105233},"34":{"Round":34,"Orders":[12,12,11],"Time":19992.159083992243,"totalGas":1103251},"35":{"Round":35,"Orders":[12,12,12],"Time":19971.486292004585,"totalGas":1105233},"36":{"Round":36,"Orders":[12,13,12],"Time":19998.245167016983,"totalGas":1105233},"37":{"Round":37,"Orders":[12,13,13],"Time":19965.99737498164,"totalGas":1105233},"38":{"Round":38,"Orders":[13,13,13],"Time":19983.4185000062,"totalGas":1105233},"39":{"Round":39,"Orders":[13,13,14],"Time":19978.48137500882,"totalGas":1105233},"40":{"Round":40,"Orders":[13,14,14],"Time":19993.758916020393,"totalGas":1105233},"41":{"Round":41,"Orders":[14,14,14],"Time":19979.10066601634,"totalGas":1105233},"42":{"Round":42,"Orders":[14,15,14],"Time":19978.989958018064,"totalGas":1105233},"43":{"Round":43,"Orders":[14,15,15],"Time":19996.849375009537,"totalGas":1100219},"44":{"Round":44,"Orders":[15,15,15],"Time":19960.344249993563,"totalGas":1100219},"45":{"Round":45,"Orders":[16,15,15],"Time":19974.129707992077,"totalGas":1105233},"46":{"Round":46,"Orders":[16,15,16],"Time":19993.309917002916,"totalGas":1103251},"47":{"Round":47,"Orders":[16,16,16],"Time":19986.90820801258,"totalGas":1100219},"48":{"Round":48,"Orders":[17,16,16],"Time":19979.416458010674,"totalGas":1105233},"49":{"Round":49,"Orders":[17,17,16],"Time":19991.41354098916,"totalGas":1103251},"50":{"Round":50,"Orders":[17,17,17],"Time":19978.667459011078,"totalGas":1100219},"51":{"Round":51,"Orders":[18,17,17],"Time":19983.268582999706,"totalGas":1105233},"52":{"Round":52,"Orders":[18,17,18],"Time":19977.26237502694,"totalGas":1105233},"53":{"Round":53,"Orders":[18,18,18],"Time":19978.05241701007,"totalGas":1105233},"54":{"Round":54,"Orders":[18,18,19],"Time":19998.48041599989,"totalGas":1105233},"55":{"Round":55,"Orders":[18,19,19],"Time":19973.2367079854,"totalGas":1103251},"56":{"Round":56,"Orders":[19,19,19],"Time":19969.5492079854,"totalGas":1103251},"57":{"Round":57,"Orders":[19,20,19],"Time":19999.627708017826,"totalGas":1105233},"58":{"Round":58,"Orders":[19,20,20],"Time":19977.1344999969,"totalGas":1105233},"59":{"Round":59,"Orders":[20,20,20],"Time":19972.905708014965,"totalGas":1100219},"60":{"Round":60,"Orders":[20,21,20],"Time":19989.372042000294,"totalGas":1105233},"61":{"Round":61,"Orders":[21,21,20],"Time":19983.985707998276,"totalGas":1103251},"62":{"Round":62,"Orders":[21,21,21],"Time":19967.948208987713,"totalGas":1105233},"63":{"Round":63,"Orders":[21,22,21],"Time":20002.20624998212,"totalGas":1105233},"64":{"Round":64,"Orders":[22,22,21],"Time":19982.74399998784,"totalGas":1100219},"65":{"Round":65,"Orders":[22,22,22],"Time":19971.331459015608,"totalGas":1100219},"66":{"Round":66,"Orders":[23,22,22],"Time":19967.11179098487,"totalGas":1105233},"67":{"Round":67,"Orders":[23,23,22],"Time":19960.507959008217,"totalGas":1100219},"68":{"Round":68,"Orders":[23,23,23],"Time":19989.9945409894,"totalGas":1103251},"69":{"Round":69,"Orders":[23,23,24],"Time":19973.876374989748,"totalGas":1105233},"70":{"Round":70,"Orders":[24,23,24],"Time":19978.029917001724,"totalGas":1103251},"71":{"Round":71,"Orders":[24,24,24],"Time":19998.401666998863,"totalGas":1105227},"72":{"Round":72,"Orders":[24,25,24],"Time":19981.043208003044,"totalGas":1105233},"73":{"Round":73,"Orders":[24,25,25],"Time":19981.95195800066,"totalGas":1105233},"74":{"Round":74,"Orders":[25,25,25],"Time":19959.52145898342,"totalGas":1100219},"75":{"Round":75,"Orders":[25,26,25],"Time":20996.896708011627,"totalGas":1105233},"76":{"Round":76,"Orders":[26,26,25],"Time":19967.82837498188,"totalGas":1105233},"77":{"Round":77,"Orders":[26,26,26],"Time":19970.81412500143,"totalGas":1103251},"78":{"Round":78,"Orders":[27,26,26],"Time":19960.267958015203,"totalGas":1105233},"79":{"Round":79,"Orders":[27,26,27],"Time":19974.14225000143,"totalGas":1100219},"80":{"Round":80,"Orders":[27,27,27],"Time":19967.524209022522,"totalGas":1105233},"81":{"Round":81,"Orders":[27,28,27],"Time":19969.72695800662,"totalGas":1105233},"82":{"Round":82,"Orders":[28,28,27],"Time":19973.995416015387,"totalGas":1105233},"83":{"Round":83,"Orders":[28,28,28],"Time":19974.940875023603,"totalGas":1103251},"84":{"Round":84,"Orders":[28,29,28],"Time":19961.81437498331,"totalGas":1105233},"85":{"Round":85,"Orders":[28,29,29],"Time":19971.09341698885,"totalGas":1100219},"86":{"Round":86,"Orders":[29,29,29],"Time":19969.78575000167,"totalGas":1103251},"87":{"Round":87,"Orders":[29,30,29],"Time":19974.71316599846,"totalGas":1105233},"88":{"Round":88,"Orders":[29,30,30],"Time":19953.615000009537,"totalGas":1103251},"89":{"Round":89,"Orders":[30,30,30],"Time":19945.795083016157,"totalGas":1100219},"90":{"Round":90,"Orders":[30,31,30],"Time":19986.169250011444,"totalGas":1105233},"91":{"Round":91,"Orders":[31,31,30],"Time":19980.86354199052,"totalGas":1105233},"92":{"Round":92,"Orders":[31,31,31],"Time":19975.501208007336,"totalGas":1100219},"93":{"Round":93,"Orders":[32,31,31],"Time":19974.683375000954,"totalGas":1105233},"94":{"Round":94,"Orders":[32,32,31],"Time":19987.444499999285,"totalGas":1103251},"95":{"Round":95,"Orders":[32,32,32],"Time":19970.42116600275,"totalGas":1105233},"96":{"Round":96,"Orders":[32,33,32],"Time":19985.296624988317,"totalGas":1105233},"97":{"Round":97,"Orders":[33,33,32],"Time":19991.078500002623,"totalGas":1103251},"98":{"Round":98,