{"0":{"Round":0,"Orders":[0,0,1],"Time":24272.313625007868,"totalGas":1135065},"1":{"Round":1,"Orders":[0,1,1],"Time":24993.35508298874,"totalGas":1125115},"2":{"Round":2,"Orders":[1,1,1],"Time":19963.738833993673,"totalGas":1115165},"3":{"Round":3,"Orders":[1,2,1],"Time":30081.28795900941,"totalGas":374584},"4":{"Round":4,"Orders":[1,2,2],"Time":19888.197374999523,"totalGas":1105215},"5":{"Round":5,"Orders":[1,3,2],"Time":30083.00450000167,"totalGas":374584},"6":{"Round":6,"Orders":[1,4,2],"Time":30096.744499981403,"totalGas":374584},"7":{"Round":7,"Orders":[2,4,2],"Time":19729.142167001963,"totalGas":1103233},"8":{"Round":8,"Orders":[2,5,2],"Time":30079.67145898938,"totalGas":374584},"9":{"Round":9,"Orders":[2,6,2],"Time":30079.72187501192,"totalGas":374584},"10":{"Round":10,"Orders":[2,7,2],"Time":30119.880333006382,"totalGas":374584},"11":{"Round":11,"Orders":[2,7,3],"Time":20619.837792009115,"totalGas":1105215},"12":{"Round":12,"Orders":[3,7,3],"Time":25020.41895902157,"totalGas":1100201},"13":{"Round":13,"Orders":[3,8,3],"Time":30072.319499999285,"totalGas":374584},"14":{"Round":14,"Orders":[3,9,3],"Time":30119.621041983366,"totalGas":374584},"15":{"Round":15,"Orders":[3,9,4],"Time":19693.336207985878,"totalGas":1105215},"16":{"Round":16,"Orders":[4,9,4],"Time":24968.43287500739,"totalGas":1097169},"17":{"Round":17,"Orders":[4,9,5],"Time":19993.98762500286,"totalGas":1105215},"18":{"Round":18,"Orders":[4,10,5],"Time":30079.32508301735,"totalGas":374584},"19":{"Round":19,"Orders":[5,10,5],"Time":19884.26979199052,"totalGas":1103233},"20":{"Round":20,"Orders":[6,10,5],"Time":24985.185207992792,"totalGas":1103233},"21":{"Round":21,"Orders":[6,10,6],"Time":19982.4235830009,"totalGas":1105215},"22":{"Round":22,"Orders":[6,11,6],"Time":30064.18462499976,"totalGas":374584},"23":{"Round":23,"Orders":[6,11,7],"Time":19901.125916987658,"totalGas":1105215},"24":{"Round":24,"Orders":[6,12,7],"Time":30075.505750000477,"totalGas":374584},"25":{"Round":25,"Orders":[7,12,7],"Time":19881.728165984154,"totalGas":1103233},"26":{"Round":26,"Orders":[7,12,8],"Time":24988.426916003227,"totalGas":1103233},"27":{"Round":27,"Orders":[7,13,8],"Time":30071.154875010252,"totalGas":374584},"28":{"Round":28,"Orders":[7,14,8],"Time":30120.696541011333,"totalGas":374584},"29":{"Round":29,"Orders":[8,14,8],"Time":19698.61479100585,"totalGas":1097169},"30":{"Round":30,"Orders":[8,15,8],"Time":30082.071457982063,"totalGas":374584},"31":{"Round":31,"Orders":[9,15,8],"Time":20837.283709019423,"totalGas":1103233},"32":{"Round":32,"Orders":[9,15,9],"Time":24995.38425001502,"totalGas":1103233},"33":{"Round":33,"Orders":[10,15,9],"Time":19970.494041979313,"totalGas":1105215},"34":{"Round":34,"Orders":[10,15,10],"Time":24987.271082997322,"totalGas":1100201},"35":{"Round":35,"Orders":[10,16,10],"Time":30067.820416003466,"totalGas":374584},"36":{"Round":36,"Orders":[10,17,10],"Time":30097.38550001383,"totalGas":374584},"37":{"Round":37,"Orders":[10,17,11],"Time":19778.652707993984,"totalGas":1105215},"38":{"Round":38,"Orders":[10,18,11],"Time":30067.11945900321,"totalGas":374584},"39":{"Round":39,"Orders":[11,18,11],"Time":19901.11154100299,"totalGas":1100201},"40":{"Round":40,"Orders":[11,19,11],"Time":30068.42579200864,"totalGas":374584},"41":{"Round":41,"Orders":[12,19,11],"Time":19895.708875000477,"totalGas":1105215},"42":{"Round":42,"Orders":[12,19,12],"Time":25006.804208010435,"totalGas":1100201},"43":{"Round":43,"Orders":[12,19,13],"Time":19982.316583007574,"totalGas":1100201},"44":{"Round":44,"Orders":[12,20,13],"Time":30069.326584011316,"totalGas":374584},"45":{"Round":45,"Orders":[12,21,13],"Time":30098.8889169991,"totalGas":374584},"46":{"Round":46,"Orders":[12,22,13],"Time":30137.800874978304,"totalGas":374584},"47":{"Round":47,"Orders":[13,22,13],"Time":19599.4208329916,"totalGas":1103233},"48":{"Round":48,"Orders":[13,23,13],"Time":30057.756375014782,"totalGas":374584},"49":{"Round":49,"Orders":[13,24,13],"Time":30070.60545799136,"totalGas":374584},"50":{"Round":50,"Orders":[13,25,13],"Time":30148.052958011627,"totalGas":374584},"51":{"Round":51,"Orders":[13,26,13],"Time":30123.089417010546,"totalGas":374584},"52":{"Round":52,"Orders":[13,27,13],"Time":30155.37579101324,"totalGas":374584},"53":{"Round":53,"Orders":[14,27,13],"Time":19293.466375023127,"totalGas":1105215},"54":{"Round":54,"Orders":[14,27,14],"Time":24979.73158299923,"totalGas":1105215},"55":{"Round":55,"Orders":[14,28,14],"Time":30078.143124997616,"totalGas":374584},"56":{"Round":56,"Orders":[14,29,14],"Time":30103.899749994278,"totalGas":374584},"57":{"Round":57,"Orders":[14,29,15],"Time":19765.881749987602,"totalGas":1100201},"58":{"Round":58,"Orders":[15,29,15],"Time":24973.947374999523,"totalGas":1103233},"59":{"Round":59,"Orders":[15,29,16],"Time":19989.17558297515,"totalGas":1103233},"60":{"Round":60,"Orders":[16,29,16],"Time":25003.09116601944,"totalGas":1097169},"61":{"Round":61,"Orders":[17,29,16],"Time":19964.80774998665,"totalGas":1103233},"62":{"Round":62,"Orders":[17,30,16],"Time":30070.038833975792,"totalGas":374584},"63":{"Round":63,"Orders":[17,31,16],"Time":30117.052500009537,"totalGas":374584},"64":{"Round":64,"Orders":[17,32,16],"Time":30166.8899590075,"totalGas":374584},"65":{"Round":65,"Orders":[17,32,17],"Time":19534.930000007153,"totalGas":1097169},"66":{"Round":66,"Orders":[18,32,17],"Time":25004.078125,"totalGas":1105215},"67":{"Round":67,"Orders":[18,33,17],"Time":30067.954582989216,"totalGas":374584},"68":{"Round":68,"Orders":[18,33,18],"Time":19894.714082986116,"totalGas":1100201},"69":{"Round":69,"Orders":[18,34,18],"Time":30065.81320899725,"totalGas":374584},"70":{"Round":70,"Orders":[19,34,18],"Time":19914.892083019018,"totalGas":1105215},"71":{"Round":71,"Orders":[19,35,18],"Time":30068.16204097867,"totalGas":374584},"72":{"Round":72,"Orders":[19,35,19],"Time":19874.42350000143,"totalGas":1100201},"73":{"Round":73,"Orders":[19,36,19],"Time":30072.301334023476,"totalGas":374584},"74":{"Round":74,"Orders":[19,37,19],"Time":30085.175250023603,"totalGas":374584},"75":{"Round":75,"Orders":[20,37,19],"Time":19761.5719999969,"totalGas":1103233},"76":{"Round":76,"Orders":[20,38,19],"Time":30065.259999990463,"totalGas":374584},"77":{"Round":77,"Orders":[20,38,20],"Time":19899.421708017588,"totalGas":1103233},"78":{"Round":78,"Orders":[20,39,20],"Time":30066.767458975315,"totalGas":374584},"79":{"Round":79,"Orders":[20,40,20],"Time":30070.423000007868,"totalGas":374584},"80":{"Round":80,"Orders":[20,41,20],"Time":30148.56608298421,"totalGas":374584},"81":{"Round":81,"Orders":[21,41,20],"Time":19628.218041986227,"totalGas":1105215},"82":{"Round":82,"Orders":[21,42,20],"Time":30069.959875017405,"totalGas":374584},"83":{"Round":83,"Orders":[21,42,21],"Time":19900.113458007574,"totalGas":1100201},"84":{"Round":84,"Orders":[21,43,21],"Time":30060.91112500429,"totalGas":374584},"85":{"Round":85,"Orders":[21,44,21],"Time":30076.052625000477,"totalGas":374584},"86":{"Round":86,"Orders":[21,44,22],"Time":19789.91704198718,"totalGas":1105215},"87":{"Round":87,"Orders":[22,44,22],"Time":24994.69379198551,"totalGas":1100201},"88":{"Round":88,"Orders":[22,44,23],"Time":19990.39479202032,"totalGas":1103233},"89":{"Round":89,"Orders":[22,45,23],"Time":30067.37154200673,"totalGas":374584},"90":{"Round":90,"Orders":[22,46,23],"Time":30129.95383399725,"totalGas":374584},"91":{"Round":91,"Orders":[22,47,23],"Time":30170.047000020742,"totalGas":374584},"92":{"Round":92,"Orders":[22,48,23],"Time":30150.656291007996,"totalGas":374584},"93":{"Round":93,"Orders":[22,49,23],"Time":30143.777541011572,"totalGas":374584},"94":{"Round":94,"Orders":[22,50,23],"Time":29124.159166008234,"totalGas":374584},"95":{"Round":95,"Orders":[22,51,23],"Time":30066.657166987658,"totalGas":374584},"96":{"Round":96,"Orders":[23,51,23],"Time":19899.773292005062,"totalGas":1097169},"97":{"Round":97,"Orders":[24,51,23],"Time":25002.171375006437,"totalGas":1103233},"98":{"Round":98,"Orders":[24,51,24],"Time":19955.98666602373,