{"0":{"Round":0,"Orders":[0,0,1],"Time":24365.509916990995,"totalGas":1135083},"1":{"Round":1,"Orders":[0,1,1],"Time":24961.05474999547,"totalGas":1125133},"2":{"Round":2,"Orders":[1,1,1],"Time":24987.90437501669,"totalGas":1115183},"3":{"Round":3,"Orders":[1,2,1],"Time":24963.375082999468,"totalGas":1105233},"4":{"Round":4,"Orders":[1,2,2],"Time":24983.621832996607,"totalGas":1105233},"5":{"Round":5,"Orders":[2,2,2],"Time":24955.617208003998,"totalGas":1100219},"6":{"Round":6,"Orders":[2,2,3],"Time":24985.99004200101,"totalGas":1105233},"7":{"Round":7,"Orders":[3,2,3],"Time":24978.980291992426,"totalGas":1105233},"8":{"Round":8,"Orders":[3,3,3],"Time":24948.894499987364,"totalGas":1105233},"9":{"Round":9,"Orders":[3,4,3],"Time":25008.72999998927,"totalGas":1105233},"10":{"Round":10,"Orders":[4,4,3],"Time":24957.36425000429,"totalGas":1103251},"11":{"Round":11,"Orders":[4,4,4],"Time":24965.38945800066,"totalGas":1105233},"12":{"Round":12,"Orders":[4,4,5],"Time":24958.910125017166,"totalGas":1105233},"13":{"Round":13,"Orders":[5,4,5],"Time":25003.345750004053,"totalGas":1100219},"14":{"Round":14,"Orders":[5,5,5],"Time":24974.4085829854,"totalGas":1105233},"15":{"Round":15,"Orders":[5,5,6],"Time":24979.131999999285,"totalGas":1105233},"16":{"Round":16,"Orders":[5,6,6],"Time":24961.127041995525,"totalGas":1103251},"17":{"Round":17,"Orders":[6,6,6],"Time":24989.50291699171,"totalGas":1103251},"18":{"Round":18,"Orders":[6,7,6],"Time":24974.487208008766,"totalGas":1105233},"19":{"Round":19,"Orders":[7,7,6],"Time":25984.54712498188,"totalGas":1103251},"20":{"Round":20,"Orders":[7,7,7],"Time":24972.60395899415,"totalGas":1100213},"21":{"Round":21,"Orders":[7,8,7],"Time":24969.48075002432,"totalGas":1105233},"22":{"Round":22,"Orders":[8,8,7],"Time":24972.33312499523,"totalGas":1103251},"23":{"Round":23,"Orders":[8,8,8],"Time":24967.08795902133,"totalGas":1103251},"24":{"Round":24,"Orders":[8,8,9],"Time":24970.40787500143,"totalGas":1105233},"25":{"Round":25,"Orders":[8,9,9],"Time":24977.24720799923,"totalGas":1103251},"26":{"Round":26,"Orders":[9,9,9],"Time":24966.592083007097,"totalGas":1100219},"27":{"Round":27,"Orders":[9,9,10],"Time":24962.7041670084,"totalGas":1105233},"28":{"Round":28,"Orders":[10,9,10],"Time":24977.905874997377,"totalGas":1105233},"29":{"Round":29,"Orders":[10,10,10],"Time":24970.642916977406,"totalGas":1105233},"30":{"Round":30,"Orders":[10,10,11],"Time":24965.784999996424,"totalGas":1105233},"31":{"Round":31,"Orders":[11,10,11],"Time":24971.184915989637,"totalGas":1105233},"32":{"Round":32,"Orders":[11,11,11],"Time":24961.030040979385,"totalGas":1100219},"33":{"Round":33,"Orders":[11,12,11],"Time":24981.791458010674,"totalGas":1105233},"34":{"Round":34,"Orders":[12,12,11],"Time":24954.84283298254,"totalGas":1103251},"35":{"Round":35,"Orders":[12,12,12],"Time":24972.048083007336,"totalGas":1105233},"36":{"Round":36,"Orders":[12,12,13],"Time":24963.595207989216,"totalGas":1105233},"37":{"Round":37,"Orders":[13,12,13],"Time":24985.491374999285,"totalGas":1100219},"38":{"Round":38,"Orders":[13,13,13],"Time":24956.833999991417,"totalGas":1103251},"39":{"Round":39,"Orders":[13,13,14],"Time":24965.149874985218,"totalGas":1105233},"40":{"Round":40,"Orders":[14,13,14],"Time":24981.072165995836,"totalGas":1103251},"41":{"Round":41,"Orders":[14,14,14],"Time":24957.67350000143,"totalGas":1100219},"42":{"Round":42,"Orders":[14,15,14],"Time":24972.417874991894,"totalGas":1105233},"43":{"Round":43,"Orders":[14,15,15],"Time":23970.374874979258,"totalGas":1100219},"44":{"Round":44,"Orders":[15,15,15],"Time":23959.686082988977,"totalGas":1100219},"45":{"Round":45,"Orders":[16,15,15],"Time":24974.568917006254,"totalGas":1105233},"46":{"Round":46,"Orders":[16,16,15],"Time":24970.989416003227,"totalGas":1105233},"47":{"Round":47,"Orders":[16,16,16],"Time":24961.367541998625,"totalGas":1105233},"48":{"Round":48,"Orders":[16,17,16],"Time":24961.66816699505,"totalGas":1105233},"49":{"Round":49,"Orders":[17,17,16],"Time":24967.45529100299,"totalGas":1100219},"50":{"Round":50,"Orders":[17,17,17],"Time":24971.554000020027,"totalGas":1100219},"51":{"Round":51,"Orders":[18,17,17],"Time":24961.259917020798,"totalGas":1105233},"52":{"Round":52,"Orders":[18,18,17],"Time":24980.248208999634,"totalGas":1105233},"53":{"Round":53,"Orders":[18,18,18],"Time":24963.72141700983,"totalGas":1103251},"54":{"Round":54,"Orders":[18,18,19],"Time":24963.249624997377,"totalGas":1105233},"55":{"Round":55,"Orders":[18,19,19],"Time":24975.910917013884,"totalGas":1103251},"56":{"Round":56,"Orders":[19,19,19],"Time":24966.25091701746,"totalGas":1103251},"57":{"Round":57,"Orders":[19,20,19],"Time":24960.572041988373,"totalGas":1105233},"58":{"Round":58,"Orders":[19,20,20],"Time":24967.791541993618,"totalGas":1100219},"59":{"Round":59,"Orders":[20,20,20],"Time":24973.907749980688,"totalGas":1100219},"60":{"Round":60,"Orders":[20,21,20],"Time":24977.334582984447,"totalGas":1105233},"61":{"Round":61,"Orders":[21,21,20],"Time":24968.591250002384,"totalGas":1103251},"62":{"Round":62,"Orders":[21,21,21],"Time":24976.542417019606,"totalGas":1105233},"63":{"Round":63,"Orders":[21,22,21],"Time":24970.099040985107,"totalGas":1105233},"64":{"Round":64,"Orders":[22,22,21],"Time":25953.891541987658,"totalGas":1100219},"65":{"Round":65,"Orders":[22,22,22],"Time":24982.351208984852,"totalGas":1100219},"66":{"Round":66,"Orders":[22,23,22],"Time":24966.499541014433,"totalGas":1105233},"67":{"Round":67,"Orders":[23,23,22],"Time":24961.67345800996,"totalGas":1103251},"68":{"Round":68,"Orders":[23,23,23],"Time":24976.34962502122,"totalGas":1103251},"69":{"Round":69,"Orders":[23,23,24],"Time":24964.77716600895,"totalGas":1105233},"70":{"Round":70,"Orders":[24,23,24],"Time":24963.77904099226,"totalGas":1103251},"71":{"Round":71,"Orders":[24,24,24],"Time":24971.084124982357,"totalGas":1105233},"72":{"Round":72,"Orders":[25,24,24],"Time":24978.165125012398,"totalGas":1105233},"73":{"Round":73,"Orders":[25,24,25],"Time":24969.375332981348,"totalGas":1103251},"74":{"Round":74,"Orders":[25,25,25],"Time":24966.37579098344,"totalGas":1105233},"75":{"Round":75,"Orders":[25,26,25],"Time":24940.517207980156,"totalGas":1105233},"76":{"Round":76,"Orders":[26,26,25],"Time":24977.4938749969,"totalGas":1105233},"77":{"Round":77,"Orders":[26,26,26],"Time":24986.2679579854,"totalGas":1100219},"78":{"Round":78,"Orders":[27,26,26],"Time":24977.252375006676,"totalGas":1105233},"79":{"Round":79,"Orders":[27,26,27],"Time":24979.228082984686,"totalGas":1100219},"80":{"Round":80,"Orders":[27,27,27],"Time":24984.616416990757,"totalGas":1105233},"81":{"Round":81,"Orders":[28,27,27],"Time":24978.4710829854,"totalGas":1105233},"82":{"Round":82,"Orders":[28,28,27],"Time":24985.8247500062,"totalGas":1103251},"83":{"Round":83,"Orders":[28,28,28],"Time":24979.569458007812,"totalGas":1103251},"84":{"Round":84,"Orders":[28,29,28],"Time":24995.899374991655,"totalGas":1105233},"85":{"Round":85,"Orders":[28,29,29],"Time":24977.977124989033,"totalGas":1100219},"86":{"Round":86,"Orders":[29,29,29],"Time":24980.724791020155,"totalGas":1103251},"87":{"Round":87,"Orders":[29,30,29],"Time":24975.647166997194,"totalGas":1105233},"88":{"Round":88,"Orders":[29,30,30],"Time":24982.66712501645,"totalGas":1103251},"89":{"Round":89,"Orders":[30,30,30],"Time":24979.20845901966,"totalGas":1100219},"90":{"Round":90,"Orders":[31,30,30],"Time":24974.231915980577,"totalGas":1105233},"91":{"Round":91,"Orders":[31,30,31],"Time":24971.01399999857,"totalGas":1100219},"92":{"Round":92,"Orders":[31,31,31],"Time":24973.30645799637,"totalGas":1100219},"93":{"Round":93,"Orders":[31,32,31],"Time":24982.14679199457,"totalGas":1105233},"94":{"Round":94,"Orders":[32,32,31],"Time":24976.1427090168,"totalGas":1103251},"95":{"Round":95,"Orders":[32,32,32],"Time":24980.473457992077,"totalGas":1105233},"96":{"Round":96,"Orders":[32,33,32],"Time":24989.863624989986,"totalGas":1105233},"97":{"Round":97,"Orders":[33,33,32],"Time":23963.276541024446,"totalGas":1103251},