{"0":{"Round":0,"Orders":[0,0,1],"Time":24725.630874991417,"totalGas":1135065},"1":{"Round":1,"Orders":[0,1,1],"Time":29990.019166976213,"totalGas":1125115},"2":{"Round":2,"Orders":[1,1,1],"Time":30005.84724998474,"totalGas":1113183},"3":{"Round":3,"Orders":[1,1,2],"Time":24956.134625017643,"totalGas":1105215},"4":{"Round":4,"Orders":[2,1,2],"Time":24992.990916997194,"totalGas":1100201},"5":{"Round":5,"Orders":[2,2,2],"Time":29982.133207976818,"totalGas":1105215},"6":{"Round":6,"Orders":[2,3,2],"Time":29955.026542007923,"totalGas":1105215},"7":{"Round":7,"Orders":[3,3,2],"Time":25983.045875012875,"totalGas":1103233},"8":{"Round":8,"Orders":[3,3,3],"Time":24986.01541697979,"totalGas":1103233},"9":{"Round":9,"Orders":[3,4,3],"Time":29954.848540991545,"totalGas":1105215},"10":{"Round":10,"Orders":[4,4,3],"Time":29981.78579199314,"totalGas":1103233},"11":{"Round":11,"Orders":[4,4,4],"Time":29991.954916983843,"totalGas":1103233},"12":{"Round":12,"Orders":[4,5,4],"Time":29995.625708013773,"totalGas":1105215},"13":{"Round":13,"Orders":[4,5,5],"Time":29949.74699997902,"totalGas":1100201},"14":{"Round":14,"Orders":[5,5,5],"Time":29993.40020799637,"totalGas":1100201},"15":{"Round":15,"Orders":[5,5,6],"Time":24966.6267080009,"totalGas":1105215},"16":{"Round":16,"Orders":[5,6,6],"Time":24996.029917001724,"totalGas":1103233},"17":{"Round":17,"Orders":[6,6,6],"Time":24969.63058400154,"totalGas":1103233},"18":{"Round":18,"Orders":[6,7,6],"Time":29990.756790995598,"totalGas":1105215},"19":{"Round":19,"Orders":[7,7,6],"Time":25952.07420900464,"totalGas":1103233},"20":{"Round":20,"Orders":[7,7,7],"Time":24956.782333999872,"totalGas":1100201},"21":{"Round":21,"Orders":[7,7,8],"Time":24976.489749997854,"totalGas":1105215},"22":{"Round":22,"Orders":[7,8,8],"Time":30988.815332978964,"totalGas":1105215},"23":{"Round":23,"Orders":[8,8,8],"Time":25895.532333016396,"totalGas":1103233},"24":{"Round":24,"Orders":[8,8,9],"Time":24990.373459011316,"totalGas":1105215},"25":{"Round":25,"Orders":[8,9,9],"Time":30001.2605420053,"totalGas":1103233},"26":{"Round":26,"Orders":[9,9,9],"Time":29941.514625012875,"totalGas":1100201},"27":{"Round":27,"Orders":[9,10,9],"Time":30004.87337499857,"totalGas":1105215},"28":{"Round":28,"Orders":[10,10,9],"Time":29938.1039160192,"totalGas":1100201},"29":{"Round":29,"Orders":[10,10,10],"Time":24985.463708996773,"totalGas":1103233},"30":{"Round":30,"Orders":[10,10,11],"Time":25000.418333023787,"totalGas":1105215},"31":{"Round":31,"Orders":[10,11,11],"Time":29969.912458002567,"totalGas":1105215},"32":{"Round":32,"Orders":[11,11,11],"Time":29987.643958985806,"totalGas":1103233},"33":{"Round":33,"Orders":[12,11,11],"Time":24974.61079198122,"totalGas":1105215},"34":{"Round":34,"Orders":[12,12,11],"Time":24981.68416699767,"totalGas":1100201},"35":{"Round":35,"Orders":[12,12,12],"Time":24992.515875011683,"totalGas":1105215},"36":{"Round":36,"Orders":[12,12,13],"Time":24955.62487500906,"totalGas":1105215},"37":{"Round":37,"Orders":[13,12,13],"Time":24961.057667016983,"totalGas":1100201},"38":{"Round":38,"Orders":[13,13,13],"Time":30025.6841250062,"totalGas":1105215},"39":{"Round":39,"Orders":[13,13,14],"Time":24926.43208298087,"totalGas":1105215},"40":{"Round":40,"Orders":[14,13,14],"Time":24981.74562498927,"totalGas":1103233},"41":{"Round":41,"Orders":[14,14,14],"Time":29986.726750016212,"totalGas":1105215},"42":{"Round":42,"Orders":[14,15,14],"Time":29977.01354199648,"totalGas":1105215},"43":{"Round":43,"Orders":[14,15,15],"Time":25967.925375014544,"totalGas":1100201},"44":{"Round":44,"Orders":[15,15,15],"Time":24968.079208016396,"totalGas":1100201},"45":{"Round":45,"Orders":[16,15,15],"Time":29992.865916997194,"totalGas":1105215},"46":{"Round":46,"Orders":[16,15,16],"Time":29987.286500006914,"totalGas":1103233},"47":{"Round":47,"Orders":[16,16,16],"Time":29994.219499975443,"totalGas":1105215},"48":{"Round":48,"Orders":[17,16,16],"Time":24971.35587501526,"totalGas":1105215},"49":{"Round":49,"Orders":[17,17,16],"Time":24980.063416987658,"totalGas":1103233},"50":{"Round":50,"Orders":[17,17,17],"Time":24981.697750002146,"totalGas":1100201},"51":{"Round":51,"Orders":[18,17,17],"Time":24967.212124973536,"totalGas":1105215},"52":{"Round":52,"Orders":[18,17,18],"Time":25973.21791601181,"totalGas":1105215},"53":{"Round":53,"Orders":[18,18,18],"Time":24979.21387499571,"totalGas":1100201},"54":{"Round":54,"Orders":[18,18,19],"Time":29976.273374974728,"totalGas":1105215},"55":{"Round":55,"Orders":[19,18,19],"Time":29990.708957999945,"totalGas":1100201},"56":{"Round":56,"Orders":[19,19,19],"Time":29983.97108399868,"totalGas":1100201},"57":{"Round":57,"Orders":[19,20,19],"Time":29992.743125021458,"totalGas":1105215},"58":{"Round":58,"Orders":[19,20,20],"Time":29975.810499995947,"totalGas":1100201},"59":{"Round":59,"Orders":[20,20,20],"Time":24963.44237500429,"totalGas":1100201},"60":{"Round":60,"Orders":[20,21,20],"Time":25992.2615840137,"totalGas":1105215},"61":{"Round":61,"Orders":[21,21,20],"Time":24971.91687500477,"totalGas":1103233},"62":{"Round":62,"Orders":[21,21,21],"Time":29990.76270800829,"totalGas":1103233},"63":{"Round":63,"Orders":[21,22,21],"Time":29985.421958982944,"totalGas":1105215},"64":{"Round":64,"Orders":[22,22,21],"Time":29976.47374999523,"totalGas":1100201},"65":{"Round":65,"Orders":[22,22,22],"Time":24980.462666988373,"totalGas":1100201},"66":{"Round":66,"Orders":[23,22,22],"Time":25968.8732919991,"totalGas":1105215},"67":{"Round":67,"Orders":[23,23,22],"Time":24965.915499985218,"totalGas":1100201},"68":{"Round":68,"Orders":[23,23,23],"Time":24985.090290993452,"totalGas":1103233},"69":{"Round":69,"Orders":[23,24,23],"Time":29963.972957998514,"totalGas":1105215},"70":{"Round":70,"Orders":[24,24,23],"Time":25978.85349997878,"totalGas":1105215},"71":{"Round":71,"Orders":[24,24,24],"Time":25001.93933302164,"totalGas":1103233},"72":{"Round":72,"Orders":[24,25,24],"Time":29993.14237499237,"totalGas":1105215},"73":{"Round":73,"Orders":[24,25,25],"Time":24962.640875011683,"totalGas":1105215},"74":{"Round":74,"Orders":[25,25,25],"Time":24998.65241602063,"totalGas":1100201},"75":{"Round":75,"Orders":[26,25,25],"Time":24972.80774998665,"totalGas":1105215},"76":{"Round":76,"Orders":[26,26,25],"Time":29986.757833003998,"totalGas":1103233},"77":{"Round":77,"Orders":[26,26,26],"Time":25967.769749999046,"totalGas":1103233},"78":{"Round":78,"Orders":[27,26,26],"Time":24973.34862497449,"totalGas":1105215},"79":{"Round":79,"Orders":[27,26,27],"Time":29954.97800001502,"totalGas":1100201},"80":{"Round":80,"Orders":[27,27,27],"Time":29976.380874991417,"totalGas":1105215},"81":{"Round":81,"Orders":[27,28,27],"Time":29986.71908301115,"totalGas":1105215},"82":{"Round":82,"Orders":[28,28,27],"Time":24977.98654100299,"totalGas":1105215},"83":{"Round":83,"Orders":[28,28,28],"Time":25986.06908300519,"totalGas":1103233},"84":{"Round":84,"Orders":[28,29,28],"Time":29990.565000027418,"totalGas":1105215},"85":{"Round":85,"Orders":[28,29,29],"Time":29952.25720900297,"totalGas":1100213},"86":{"Round":86,"Orders":[29,29,29],"Time":24985.906417012215,"totalGas":1103251},"87":{"Round":87,"Orders":[29,29,30],"Time":24979.63887500763,"totalGas":1105233},"88":{"Round":88,"Orders":[29,30,30],"Time":24976.582834005356,"totalGas":1100219},"89":{"Round":89,"Orders":[30,30,30],"Time":29985.042833983898,"totalGas":1100219},"90":{"Round":90,"Orders":[30,31,30],"Time":29988.853875011206,"totalGas":1105233},"91":{"Round":91,"Orders":[31,31,30],"Time":29981.476125001907,"totalGas":1100219},"92":{"Round":92,"Orders":[31,31,31],"Time":30001.51358398795,"totalGas":1100219},"93":{"Round":93,"Orders":[31,32,31],"Time":29961.89662501216,"totalGas":1105233},"94":{"Round":94,"Orders":[32,32,31],"Time":30001.91675001383,"totalGas":1100219},"95":{"Round":95,"Orders":[32,32,32],"Time":29966.151791989803,"totalGas":1103251},"96":{"Round":96,"Orders":[32,33,32],"Time":24986.942416995764,"totalGas":1105233},"97":{"Round":97,"Orders":[33,33,32],"Time":24958.492750018835,"totalGas":1103251},"98":{"Round":98,