{"0":{"Round":0,"Orders":[0,1,0],"Time":15048.804250001907,"totalGas":159815},"1":{"Round":1,"Orders":[0,2,0],"Time":10041.069082975388,"totalGas":100115},"2":{"Round":2,"Orders":[0,3,0],"Time":15061.48991599679,"totalGas":100115},"3":{"Round":3,"Orders":[0,4,0],"Time":15071.13287499547,"totalGas":100115},"4":{"Round":4,"Orders":[0,5,0],"Time":15064.767333000898,"totalGas":100115},"5":{"Round":5,"Orders":[0,6,0],"Time":15070.083999991417,"totalGas":100115},"6":{"Round":6,"Orders":[0,6,1],"Time":10059.490541011095,"totalGas":139915},"7":{"Round":7,"Orders":[0,7,1],"Time":15065.04308399558,"totalGas":100115},"8":{"Round":8,"Orders":[0,8,1],"Time":15071.21287497878,"totalGas":100115},"9":{"Round":9,"Orders":[0,9,1],"Time":10059.947916984558,"totalGas":100115},"10":{"Round":10,"Orders":[1,9,1],"Time":9059.802709013224,"totalGas":120015},"11":{"Round":11,"Orders":[1,10,1],"Time":15026.887584000826,"totalGas":100115},"12":{"Round":12,"Orders":[1,10,2],"Time":10033.223291993141,"totalGas":100115},"13":{"Round":13,"Orders":[1,10,3],"Time":10066.219249993563,"totalGas":100115},"14":{"Round":14,"Orders":[1,10,4],"Time":10074.841749995947,"totalGas":100115},"15":{"Round":15,"Orders":[1,11,4],"Time":15063.318250000477,"totalGas":100115},"16":{"Round":16,"Orders":[1,12,4],"Time":10069.75150001049,"totalGas":100115},"17":{"Round":17,"Orders":[1,13,4],"Time":15063.990792006254,"totalGas":100115},"18":{"Round":18,"Orders":[1,14,4],"Time":15069.095750004053,"totalGas":100115},"19":{"Round":19,"Orders":[1,15,4],"Time":15049.721792012453,"totalGas":100115},"20":{"Round":20,"Orders":[2,15,4],"Time":10061.8855420053,"totalGas":100115},"21":{"Round":21,"Orders":[2,16,4],"Time":14044.43091699481,"totalGas":100115},"22":{"Round":22,"Orders":[2,17,4],"Time":15025.98483300209,"totalGas":100115},"23":{"Round":23,"Orders":[2,18,4],"Time":15034.122875005007,"totalGas":100115},"24":{"Round":24,"Orders":[2,19,4],"Time":15060.944582998753,"totalGas":100115},"25":{"Round":25,"Orders":[2,20,4],"Time":15065.300624996424,"totalGas":100115},"26":{"Round":26,"Orders":[2,20,5],"Time":10065.660291999578,"totalGas":100115},"27":{"Round":27,"Orders":[2,20,6],"Time":10059.585958987474,"totalGas":100115},"28":{"Round":28,"Orders":[3,20,6],"Time":10066.791750013828,"totalGas":100115},"29":{"Round":29,"Orders":[3,21,6],"Time":15078.420958012342,"totalGas":100115},"30":{"Round":30,"Orders":[3,22,6],"Time":15057.684915989637,"totalGas":100115},"31":{"Round":31,"Orders":[3,23,6],"Time":15071.02187499404,"totalGas":100115},"32":{"Round":32,"Orders":[4,23,6],"Time":9047.664541989565,"totalGas":100115},"33":{"Round":33,"Orders":[4,24,6],"Time":15029.85795801878,"totalGas":100115},"34":{"Round":34,"Orders":[5,24,6],"Time":10026.141999989748,"totalGas":100115},"35":{"Round":35,"Orders":[5,24,7],"Time":10057.62266600132,"totalGas":100115},"36":{"Round":36,"Orders":[5,24,8],"Time":10066.395415991545,"totalGas":100115},"37":{"Round":37,"Orders":[5,25,8],"Time":15074.65625,"totalGas":100115},"38":{"Round":38,"Orders":[5,26,8],"Time":15063.519625008106,"totalGas":100115},"39":{"Round":39,"Orders":[5,27,8],"Time":15065.84849998355,"totalGas":100115},"40":{"Round":40,"Orders":[5,28,8],"Time":15072.891458004713,"totalGas":100115},"41":{"Round":41,"Orders":[5,29,8],"Time":15065.27429202199,"totalGas":100115},"42":{"Round":42,"Orders":[5,30,8],"Time":10066.565667003393,"totalGas":100115},"43":{"Round":43,"Orders":[5,31,8],"Time":14047.735291987658,"totalGas":100115},"44":{"Round":44,"Orders":[5,32,8],"Time":15031.839500010014,"totalGas":100115},"45":{"Round":45,"Orders":[6,32,8],"Time":10029.233334004879,"totalGas":100115},"46":{"Round":46,"Orders":[6,32,9],"Time":10025.46887499094,"totalGas":100115},"47":{"Round":47,"Orders":[6,33,9],"Time":15066.9636670053,"totalGas":100115},"48":{"Round":48,"Orders":[6,34,9],"Time":15048.851833999157,"totalGas":100115},"49":{"Round":49,"Orders":[6,35,9],"Time":10063.208958983421,"totalGas":100115},"50":{"Round":50,"Orders":[6,36,9],"Time":10047.126249998808,"totalGas":100115},"51":{"Round":51,"Orders":[7,36,9],"Time":10033.68866699934,"totalGas":100115},"52":{"Round":52,"Orders":[7,36,10],"Time":10066.560375005007,"totalGas":100115},"53":{"Round":53,"Orders":[7,37,10],"Time":15059.41554197669,"totalGas":100115},"54":{"Round":54,"Orders":[7,37,11],"Time":10063.462374985218,"totalGas":100115},"55":{"Round":55,"Orders":[7,37,12],"Time":9035.770334005356,"totalGas":100115},"56":{"Round":56,"Orders":[7,37,13],"Time":10028.144791007042,"totalGas":100115},"57":{"Round":57,"Orders":[7,38,13],"Time":15025.769708007574,"totalGas":100115},"58":{"Round":58,"Orders":[7,38,14],"Time":10031.017375022173,"totalGas":100115},"59":{"Round":59,"Orders":[7,39,14],"Time":15056.8957079947,"totalGas":100115},"60":{"Round":60,"Orders":[7,40,14],"Time":10053.736083000898,"totalGas":100115},"61":{"Round":61,"Orders":[7,41,14],"Time":15065.06550002098,"totalGas":100115},"62":{"Round":62,"Orders":[7,42,14],"Time":15055.397665977478,"totalGas":100115},"63":{"Round":63,"Orders":[8,42,14],"Time":10045.895916998386,"totalGas":100115},"64":{"Round":64,"Orders":[8,43,14],"Time":10050.603332996368,"totalGas":100115},"65":{"Round":65,"Orders":[8,44,14],"Time":15054.834792017937,"totalGas":100115},"66":{"Round":66,"Orders":[9,44,14],"Time":10056.282290995121,"totalGas":100115},"67":{"Round":67,"Orders":[10,44,14],"Time":10056.853583991528,"totalGas":100115},"68":{"Round":68,"Orders":[10,45,14],"Time":14049.25070899725,"totalGas":100115},"69":{"Round":69,"Orders":[10,46,14],"Time":15029.320500016212,"totalGas":100115},"70":{"Round":70,"Orders":[10,47,14],"Time":15027.560250014067,"totalGas":100115},"71":{"Round":71,"Orders":[10,48,14],"Time":15045.874917000532,"totalGas":100115},"72":{"Round":72,"Orders":[10,49,14],"Time":15054.64141702652,"totalGas":100115},"73":{"Round":73,"Orders":[10,50,14],"Time":15066.450333982706,"totalGas":100115},"74":{"Round":74,"Orders":[10,51,14],"Time":10063.104749977589,"totalGas":100115},"75":{"Round":75,"Orders":[10,52,14],"Time":15064.761292010546,"totalGas":100115},"76":{"Round":76,"Orders":[10,53,14],"Time":15075.967915982008,"totalGas":100115},"77":{"Round":77,"Orders":[10,54,14],"Time":15061.580749988556,"totalGas":100115},"78":{"Round":78,"Orders":[10,55,14],"Time":15074.368667006493,"totalGas":100115},"79":{"Round":79,"Orders":[11,55,14],"Time":9057.10079100728,"totalGas":100115},"80":{"Round":80,"Orders":[11,56,14],"Time":10022.642666995525,"totalGas":100115},"81":{"Round":81,"Orders":[11,57,14],"Time":15025.541707992554,"totalGas":100115},"82":{"Round":82,"Orders":[11,58,14],"Time":15030.412458002567,"totalGas":100115},"83":{"Round":83,"Orders":[11,59,14],"Time":15052.020583987236,"totalGas":100115},"84":{"Round":84,"Orders":[11,60,14],"Time":15058.481833994389,"totalGas":100115},"85":{"Round":85,"Orders":[11,61,14],"Time":10057.53912499547,"totalGas":100115},"86":{"Round":86,"Orders":[11,62,14],"Time":15062.649083018303,"totalGas":100115},"87":{"Round":87,"Orders":[11,62,15],"Time":10047.778250008821,"totalGas":100115},"88":{"Round":88,"Orders":[11,63,15],"Time":15071.613917022943,"totalGas":100115},"89":{"Round":89,"Orders":[11,64,15],"Time":15067.113625019789,"totalGas":100115},"90":{"Round":90,"Orders":[12,64,15],"Time":10061.387041985989,"totalGas":100115},"91":{"Round":91,"Orders":[13,64,15],"Time":10060.399165987968,"totalGas":100115},"92":{"Round":92,"Orders":[14,64,15],"Time":10026.522417008877,"totalGas":100115},"93":{"Round":93,"Orders":[15,64,15],"Time":10021.713165998459,"totalGas":100115},"94":{"Round":94,"Orders":[16,64,15],"Time":10031.109540998936,"totalGas":100115},"95":{"Round":95,"Orders":[16,64,16],"Time":10034.496625006199,"totalGas":100115},"96":{"Round":96,"Orders":[16,65,16],"Time":15065.463292002678,"totalGas":100115},"97":{"Round":97,"Orders":[17,65,16],"Time":10063.620833992958,"totalGas":100115},"98":{"Round":98,"Orders":[17,66,16],"Time":15059.400041013956,"totalGas":100115},"99":{"Round":99,"Orders":[17,67,16],"Time":15052.977959007025,