{"0":{"Round":0,"Orders":[1,0,1],"Time":10043.75624999404,"totalGas":159815},"1":{"Round":1,"Orders":[1,1,1],"Time":10034.385708004236,"totalGas":139915},"2":{"Round":2,"Orders":[2,1,1],"Time":10056.497375011444,"totalGas":120015},"3":{"Round":3,"Orders":[2,1,2],"Time":10058.976541996002,"totalGas":100115},"4":{"Round":4,"Orders":[2,2,2],"Time":10048.949499994516,"totalGas":100115},"5":{"Round":5,"Orders":[2,2,3],"Time":10048.70183300972,"totalGas":100115},"6":{"Round":6,"Orders":[2,2,4],"Time":10084.632124990225,"totalGas":100115},"7":{"Round":7,"Orders":[3,2,4],"Time":10089.577957987785,"totalGas":100115},"8":{"Round":8,"Orders":[3,3,4],"Time":10070.23912498355,"totalGas":100115},"9":{"Round":9,"Orders":[3,4,4],"Time":9073.152167022228,"totalGas":100115},"10":{"Round":10,"Orders":[4,4,4],"Time":10026.48320800066,"totalGas":100115},"11":{"Round":11,"Orders":[4,5,4],"Time":10034.454125016928,"totalGas":100115},"12":{"Round":12,"Orders":[4,6,4],"Time":10043.951917022467,"totalGas":100115},"13":{"Round":13,"Orders":[4,7,4],"Time":10070.798417001963,"totalGas":100115},"14":{"Round":14,"Orders":[4,8,4],"Time":10069.794333010912,"totalGas":100115},"15":{"Round":15,"Orders":[4,8,5],"Time":10066.196291029453,"totalGas":100115},"16":{"Round":16,"Orders":[4,9,5],"Time":10040.744417011738,"totalGas":100115},"17":{"Round":17,"Orders":[4,9,6],"Time":10053.306457996368,"totalGas":100115},"18":{"Round":18,"Orders":[4,10,6],"Time":10046.678166002035,"totalGas":100115},"19":{"Round":19,"Orders":[4,11,6],"Time":10050.77974998951,"totalGas":100115},"20":{"Round":20,"Orders":[4,12,6],"Time":10040.716457992792,"totalGas":100115},"21":{"Round":21,"Orders":[4,12,7],"Time":9043.463041990995,"totalGas":100115},"22":{"Round":22,"Orders":[5,12,7],"Time":10034.634374976158,"totalGas":100115},"23":{"Round":23,"Orders":[5,12,8],"Time":10026.49316701293,"totalGas":100115},"24":{"Round":24,"Orders":[5,13,8],"Time":10029.483500003815,"totalGas":100115},"25":{"Round":25,"Orders":[5,13,9],"Time":10030.049750000238,"totalGas":100115},"26":{"Round":26,"Orders":[5,13,10],"Time":10048.927625000477,"totalGas":100115},"27":{"Round":27,"Orders":[5,13,11],"Time":10065.99212500453,"totalGas":100115},"28":{"Round":28,"Orders":[6,13,11],"Time":10075.054540991783,"totalGas":100115},"29":{"Round":29,"Orders":[6,14,11],"Time":10049.493207991123,"totalGas":100115},"30":{"Round":30,"Orders":[6,14,12],"Time":10066.972000002861,"totalGas":100115},"31":{"Round":31,"Orders":[6,15,12],"Time":10053.986166983843,"totalGas":100115},"32":{"Round":32,"Orders":[6,16,12],"Time":10065.9436250031,"totalGas":100115},"33":{"Round":33,"Orders":[7,16,12],"Time":9058.70129197836,"totalGas":100115},"34":{"Round":34,"Orders":[8,16,12],"Time":10027.243917018175,"totalGas":100115},"35":{"Round":35,"Orders":[8,16,13],"Time":10024.620375007391,"totalGas":100115},"36":{"Round":36,"Orders":[8,16,14],"Time":10028.567750006914,"totalGas":100115},"37":{"Round":37,"Orders":[8,16,15],"Time":10030.46274998784,"totalGas":100115},"38":{"Round":38,"Orders":[9,16,15],"Time":10040.601208984852,"totalGas":100115},"39":{"Round":39,"Orders":[9,17,15],"Time":10071.202874988317,"totalGas":100115},"40":{"Round":40,"Orders":[10,17,15],"Time":10071.507957994938,"totalGas":100115},"41":{"Round":41,"Orders":[11,17,15],"Time":10058.528540998697,"totalGas":100115},"42":{"Round":42,"Orders":[11,18,15],"Time":10077.520332992077,"totalGas":100115},"43":{"Round":43,"Orders":[11,19,15],"Time":10075.618124991655,"totalGas":100115},"44":{"Round":44,"Orders":[11,20,15],"Time":10059.048750013113,"totalGas":100115},"45":{"Round":45,"Orders":[11,21,15],"Time":9055.995249986649,"totalGas":100115},"46":{"Round":46,"Orders":[11,22,15],"Time":10023.060375005007,"totalGas":100115},"47":{"Round":47,"Orders":[11,22,16],"Time":10025.111750006676,"totalGas":100115},"48":{"Round":48,"Orders":[12,22,16],"Time":10026.80241599679,"totalGas":100115},"49":{"Round":49,"Orders":[12,23,16],"Time":10027.206290990114,"totalGas":100115},"50":{"Round":50,"Orders":[12,24,16],"Time":10039.044582992792,"totalGas":100115},"51":{"Round":51,"Orders":[13,24,16],"Time":10071.251832991838,"totalGas":100115},"52":{"Round":52,"Orders":[13,24,17],"Time":10073.694124996662,"totalGas":100115},"53":{"Round":53,"Orders":[14,24,17],"Time":10043.196375012398,"totalGas":100115},"54":{"Round":54,"Orders":[14,24,18],"Time":10066.437209010124,"totalGas":100115},"55":{"Round":55,"Orders":[14,24,19],"Time":10078.062833994627,"totalGas":100115},"56":{"Round":56,"Orders":[14,24,20],"Time":10068.454125016928,"totalGas":100115},"57":{"Round":57,"Orders":[14,25,20],"Time":10035.204709023237,"totalGas":100115},"58":{"Round":58,"Orders":[14,26,20],"Time":9049.999832987785,"totalGas":100115},"59":{"Round":59,"Orders":[14,26,21],"Time":10022.153082996607,"totalGas":100115},"60":{"Round":60,"Orders":[14,27,21],"Time":10025.698417007923,"totalGas":100115},"61":{"Round":61,"Orders":[15,27,21],"Time":10021.536749988794,"totalGas":100115},"62":{"Round":62,"Orders":[15,27,22],"Time":10031.77641698718,"totalGas":100115},"63":{"Round":63,"Orders":[16,27,22],"Time":10071.278874993324,"totalGas":100115},"64":{"Round":64,"Orders":[16,28,22],"Time":10074.07083299756,"totalGas":100115},"65":{"Round":65,"Orders":[16,29,22],"Time":10074.544833004475,"totalGas":100115},"66":{"Round":66,"Orders":[16,30,22],"Time":10079.28795799613,"totalGas":100115},"67":{"Round":67,"Orders":[16,31,22],"Time":10067.810124993324,"totalGas":100115},"68":{"Round":68,"Orders":[16,32,22],"Time":10071.222624987364,"totalGas":100115},"69":{"Round":69,"Orders":[16,32,23],"Time":10056.455374985933,"totalGas":100115},"70":{"Round":70,"Orders":[17,32,23],"Time":10028.088874995708,"totalGas":100115},"71":{"Round":71,"Orders":[17,33,23],"Time":10030.53287500143,"totalGas":100115},"72":{"Round":72,"Orders":[18,33,23],"Time":10023.415458023548,"totalGas":100115},"73":{"Round":73,"Orders":[18,33,24],"Time":10021.410833001137,"totalGas":100115},"74":{"Round":74,"Orders":[18,34,24],"Time":10033.710500001907,"totalGas":100115},"75":{"Round":75,"Orders":[19,34,24],"Time":10033.417750000954,"totalGas":100115},"76":{"Round":76,"Orders":[19,35,24],"Time":10048.11029100418,"totalGas":100115},"77":{"Round":77,"Orders":[20,35,24],"Time":10059.977582991123,"totalGas":100115},"78":{"Round":78,"Orders":[21,35,24],"Time":10072.22695800662,"totalGas":100115},"79":{"Round":79,"Orders":[22,35,24],"Time":10054.094625025988,"totalGas":100115},"80":{"Round":80,"Orders":[22,36,24],"Time":10073.021584004164,"totalGas":100115},"81":{"Round":81,"Orders":[23,36,24],"Time":10057.157458007336,"totalGas":100115},"82":{"Round":82,"Orders":[23,37,24],"Time":10073.76537501812,"totalGas":100115},"83":{"Round":83,"Orders":[23,38,24],"Time":9041.555707991123,"totalGas":100115},"84":{"Round":84,"Orders":[23,39,24],"Time":10028.945791989565,"totalGas":100115},"85":{"Round":85,"Orders":[23,40,24],"Time":10019.014082998037,"totalGas":100115},"86":{"Round":86,"Orders":[23,40,25],"Time":10021.514499992132,"totalGas":100115},"87":{"Round":87,"Orders":[23,40,26],"Time":10027.840624988079,"totalGas":100115},"88":{"Round":88,"Orders":[23,41,26],"Time":10037.561459004879,"totalGas":100115},"89":{"Round":89,"Orders":[23,41,27],"Time":10038.487500011921,"totalGas":100115},"90":{"Round":90,"Orders":[24,41,27],"Time":10051.120582997799,"totalGas":100115},"91":{"Round":91,"Orders":[25,41,27],"Time":10066.095333993435,"totalGas":100115},"92":{"Round":92,"Orders":[26,41,27],"Time":10051.972167015076,"totalGas":100115},"93":{"Round":93,"Orders":[27,41,27],"Time":10064.10704100132,"totalGas":100115},"94":{"Round":94,"Orders":[28,41,27],"Time":10069.518542021513,"totalGas":100115},"95":{"Round":95,"Orders":[28,41,28],"Time":10073.976958990097,"totalGas":100115},"96":{"Round":96,"Orders":[28,42,28],"Time":10064.606292009354,"totalGas":100115},"97":{"Round":97,"Orders":[29,42,28],"Time":10030.333625018597,"totalGas":100115},"98":{"Round":98,"Orders":[30,42,28],"Time":10027.291083991528,"totalGas":100115},