{"0":{"Round":0,"Orders":[0,1,0],"Time":15050.773249983788,"totalGas":159815},"1":{"Round":1,"Orders":[0,2,0],"Time":10034.379875004292,"totalGas":100115},"2":{"Round":2,"Orders":[0,3,0],"Time":15080.612832993269,"totalGas":100115},"3":{"Round":3,"Orders":[0,4,0],"Time":15102.159541994333,"totalGas":100115},"4":{"Round":4,"Orders":[0,5,0],"Time":15088.113166987896,"totalGas":100115},"5":{"Round":5,"Orders":[0,6,0],"Time":15084.521291017532,"totalGas":100115},"6":{"Round":6,"Orders":[0,6,1],"Time":10069.330749988556,"totalGas":139915},"7":{"Round":7,"Orders":[0,7,1],"Time":15072.510375022888,"totalGas":100115},"8":{"Round":8,"Orders":[0,8,1],"Time":15036.556457996368,"totalGas":100115},"9":{"Round":9,"Orders":[0,9,1],"Time":10030.068082988262,"totalGas":100115},"10":{"Round":10,"Orders":[1,9,1],"Time":10035.641665995121,"totalGas":120015},"11":{"Round":11,"Orders":[1,10,1],"Time":15040.474500000477,"totalGas":100115},"12":{"Round":12,"Orders":[1,10,2],"Time":10048.828290998936,"totalGas":100115},"13":{"Round":13,"Orders":[1,10,3],"Time":10061.014125019312,"totalGas":100115},"14":{"Round":14,"Orders":[1,10,4],"Time":10060.08066701889,"totalGas":100115},"15":{"Round":15,"Orders":[1,11,4],"Time":15050.842500001192,"totalGas":100115},"16":{"Round":16,"Orders":[1,12,4],"Time":10050.4178340137,"totalGas":100115},"17":{"Round":17,"Orders":[1,13,4],"Time":15050.535916000605,"totalGas":100115},"18":{"Round":18,"Orders":[1,14,4],"Time":15049.9334590137,"totalGas":100115},"19":{"Round":19,"Orders":[1,15,4],"Time":15047.588833004236,"totalGas":100115},"20":{"Round":20,"Orders":[2,15,4],"Time":10049.931916981936,"totalGas":100115},"21":{"Round":21,"Orders":[2,16,4],"Time":14040.916083008051,"totalGas":100115},"22":{"Round":22,"Orders":[2,17,4],"Time":15035.941624999046,"totalGas":100115},"23":{"Round":23,"Orders":[2,18,4],"Time":15030.445999979973,"totalGas":100115},"24":{"Round":24,"Orders":[2,19,4],"Time":15036.542250007391,"totalGas":100115},"25":{"Round":25,"Orders":[2,20,4],"Time":15051.39083302021,"totalGas":100115},"26":{"Round":26,"Orders":[2,20,5],"Time":10054.01958400011,"totalGas":100115},"27":{"Round":27,"Orders":[2,20,6],"Time":10051.143707990646,"totalGas":100115},"28":{"Round":28,"Orders":[3,20,6],"Time":10065.358500003815,"totalGas":100115},"29":{"Round":29,"Orders":[3,21,6],"Time":15069.19041699171,"totalGas":100115},"30":{"Round":30,"Orders":[3,22,6],"Time":15066.674332976341,"totalGas":100115},"31":{"Round":31,"Orders":[3,23,6],"Time":15072.32108399272,"totalGas":100115},"32":{"Round":32,"Orders":[4,23,6],"Time":10053.49224999547,"totalGas":100115},"33":{"Round":33,"Orders":[4,24,6],"Time":14056.855250000954,"totalGas":100115},"34":{"Round":34,"Orders":[5,24,6],"Time":10040.055417001247,"totalGas":100115},"35":{"Round":35,"Orders":[5,24,7],"Time":10031.098500013351,"totalGas":100115},"36":{"Round":36,"Orders":[5,24,8],"Time":10036.859457999468,"totalGas":100115},"37":{"Round":37,"Orders":[5,25,8],"Time":15061.130374997854,"totalGas":100115},"38":{"Round":38,"Orders":[5,26,8],"Time":15059.693292021751,"totalGas":100115},"39":{"Round":39,"Orders":[5,27,8],"Time":15062.08554199338,"totalGas":100115},"40":{"Round":40,"Orders":[5,28,8],"Time":15071.39966699481,"totalGas":100115},"41":{"Round":41,"Orders":[5,29,8],"Time":15050.420208007097,"totalGas":100115},"42":{"Round":42,"Orders":[5,30,8],"Time":10081.671957999468,"totalGas":100115},"43":{"Round":43,"Orders":[5,31,8],"Time":15060.24620899558,"totalGas":100115},"44":{"Round":44,"Orders":[5,32,8],"Time":15070.857250005007,"totalGas":100115},"45":{"Round":45,"Orders":[6,32,8],"Time":9086.353415995836,"totalGas":100115},"46":{"Round":46,"Orders":[6,32,9],"Time":10085.765667021275,"totalGas":100115},"47":{"Round":47,"Orders":[6,33,9],"Time":15066.448624998331,"totalGas":100115},"48":{"Round":48,"Orders":[6,34,9],"Time":15084.178499996662,"totalGas":100115},"49":{"Round":49,"Orders":[6,35,9],"Time":10066.026792019606,"totalGas":100115},"50":{"Round":50,"Orders":[6,36,9],"Time":10076.838750004768,"totalGas":100115},"51":{"Round":51,"Orders":[7,36,9],"Time":10084.768999993801,"totalGas":100115},"52":{"Round":52,"Orders":[7,36,10],"Time":10087.465500026941,"totalGas":100115},"53":{"Round":53,"Orders":[7,37,10],"Time":14065.777166992426,"totalGas":100115},"54":{"Round":54,"Orders":[7,37,11],"Time":10048.041124999523,"totalGas":100115},"55":{"Round":55,"Orders":[7,37,12],"Time":10036.604166984558,"totalGas":100115},"56":{"Round":56,"Orders":[7,37,13],"Time":10038.671499997377,"totalGas":100115},"57":{"Round":57,"Orders":[7,38,13],"Time":15052.286792010069,"totalGas":100115},"58":{"Round":58,"Orders":[7,38,14],"Time":10067.8145840168,"totalGas":100115},"59":{"Round":59,"Orders":[7,39,14],"Time":15068.06933298707,"totalGas":100115},"60":{"Round":60,"Orders":[7,40,14],"Time":10066.351415991783,"totalGas":100115},"61":{"Round":61,"Orders":[7,41,14],"Time":15066.706833004951,"totalGas":100115},"62":{"Round":62,"Orders":[7,42,14],"Time":15065.108541995287,"totalGas":100115},"63":{"Round":63,"Orders":[8,42,14],"Time":9056.362957984209,"totalGas":100115},"64":{"Round":64,"Orders":[8,43,14],"Time":10037.62545901537,"totalGas":100115},"65":{"Round":65,"Orders":[8,44,14],"Time":15036.509750008583,"totalGas":100115},"66":{"Round":66,"Orders":[9,44,14],"Time":10032.288625001907,"totalGas":100115},"67":{"Round":67,"Orders":[10,44,14],"Time":10041.51620799303,"totalGas":100115},"68":{"Round":68,"Orders":[10,45,14],"Time":15054.192791998386,"totalGas":100115},"69":{"Round":69,"Orders":[10,46,14],"Time":15053.728624999523,"totalGas":100115},"70":{"Round":70,"Orders":[10,47,14],"Time":15081.14120900631,"totalGas":100115},"71":{"Round":71,"Orders":[10,48,14],"Time":15072.270750015974,"totalGas":100115},"72":{"Round":72,"Orders":[10,49,14],"Time":15090.684083998203,"totalGas":100115},"73":{"Round":73,"Orders":[10,50,14],"Time":15115.001332998276,"totalGas":100115},"74":{"Round":74,"Orders":[10,51,14],"Time":9064.301124989986,"totalGas":100115},"75":{"Round":75,"Orders":[10,52,14],"Time":15078.848166018724,"totalGas":100115},"76":{"Round":76,"Orders":[10,53,14],"Time":15075.028584003448,"totalGas":100115},"77":{"Round":77,"Orders":[10,54,14],"Time":15080.027291983366,"totalGas":100115},"78":{"Round":78,"Orders":[10,55,14],"Time":15087.873290985823,"totalGas":100115},"79":{"Round":79,"Orders":[11,55,14],"Time":10116.148791998625,"totalGas":100115},"80":{"Round":80,"Orders":[11,56,14],"Time":10075.47837498784,"totalGas":100115},"81":{"Round":81,"Orders":[11,57,14],"Time":15083.074625015259,"totalGas":100115},"82":{"Round":82,"Orders":[11,58,14],"Time":14088.0217500031,"totalGas":100115},"83":{"Round":83,"Orders":[11,59,14],"Time":15029.652875006199,"totalGas":100115},"84":{"Round":84,"Orders":[11,60,14],"Time":15047.216957986355,"totalGas":100115},"85":{"Round":85,"Orders":[11,61,14],"Time":10056.640917003155,"totalGas":100115},"86":{"Round":86,"Orders":[11,62,14],"Time":15078.577165991068,"totalGas":100115},"87":{"Round":87,"Orders":[11,62,15],"Time":10068.152457982302,"totalGas":100115},"88":{"Round":88,"Orders":[11,63,15],"Time":15060.747000008821,"totalGas":100115},"89":{"Round":89,"Orders":[11,64,15],"Time":15089.045040994883,"totalGas":100115},"90":{"Round":90,"Orders":[12,64,15],"Time":10064.50879201293,"totalGas":100115},"91":{"Round":91,"Orders":[13,64,15],"Time":9068.970416009426,"totalGas":100115},"92":{"Round":92,"Orders":[14,64,15],"Time":10028.981041997671,"totalGas":100115},"93":{"Round":93,"Orders":[15,64,15],"Time":10022.18354099989,"totalGas":100115},"94":{"Round":94,"Orders":[16,64,15],"Time":10035.28749999404,"totalGas":100115},"95":{"Round":95,"Orders":[16,64,16],"Time":10046.185708016157,"totalGas":100115},"96":{"Round":96,"Orders":[16,65,16],"Time":15070.79712498188,"totalGas":100115},"97":{"Round":97,"Orders":[17,65,16],"Time":10039.262416005135,"totalGas":100115},"98":{"Round":98,"Orders":[17,66,16],"Time":15046.789665997028,"totalGas":100115},"99":{"Round":99,"Orders":[17,67,16],"Time":15046.5852920115,