{"0":{"Round":0,"Orders":[0,0,1],"Time":29366.214166641235,"totalGas":4079667},"1":{"Round":1,"Orders":[1,0,1],"Time":34986.580708026886,"totalGas":4586801},"2":{"Round":2,"Orders":[1,1,1],"Time":29991.40299987793,"totalGas":5132887},"firstBlock":3119,"lastBlock":3142}